review_text,sentiment
"This product is amazing! I love it so much.",positive
"Terrible experience with this item, don't buy it.",negative
"Works as expected, good value for money.",positive
"Not worth the price, very disappointed.",negative
"Excellent quality and fast shipping.",positive
"The product broke after just one week.",negative
"I'm very satisfied with my purchase.",positive
"Customer service was awful and product doesn't work.",negative
"Best purchase I've made this year!",positive
"Waste of money, avoid at all costs.",negative
"Great features and easy to use.",positive
"Poor design and uncomfortable to use.",negative
"Exceeded my expectations in every way.",positive
"Arrived damaged and company won't respond.",negative
"Perfect fit for what I needed.",positive
"Instructions were confusing and product is flimsy.",negative
"Highly recommend this to everyone!",positive
"Regret buying this, complete disappointment.",negative
"Works perfectly and looks great too.",positive
"Stopped working after a month, very frustrating.",negative
"Absolutely love the design and functionality.",positive
"Too expensive for such poor quality.",negative
"Fantastic product that solved my problem.",positive
"Delivery was late and product was mediocre.",negative
"Incredible value for the price, very happy.",positive
"The worst purchase I've made in years.",negative
"Simple to set up and works flawlessly.",positive
"Many defects and poor customer support.",negative
"Exactly what I was looking for, very pleased.",positive
"Don't waste your money on this garbage.",negative
"Sturdy construction and beautiful design.",positive
"Completely useless and overpriced.",negative
"Love how compact and efficient it is.",positive
"Terrible quality control, item arrived broken.",negative
"Works better than expected, great purchase.",positive
"Disappointed with the performance and durability.",negative
"Excellent product, worth every penny!",positive
"Cheap materials and poor workmanship.",negative
"Very intuitive and user-friendly design.",positive
"Frustrating to use and doesn't work properly.",negative
"Couldn't be happier with this purchase.",positive
"Save your money and buy something else.",negative
"Great quality and fast delivery.",positive
"Product is nothing like the description.",negative
"Impressive performance and reliability.",positive
"Broke within days of normal use.",negative
"Perfect addition to my collection.",positive
"Worst customer experience ever.",negative
"Extremely satisfied with this product.",positive
"Completely disappointed, do not recommend.",negative
"Excellent build quality and performance.",positive
"Faulty design and poor materials.",negative
"Amazing product that exceeded expectations.",positive
"Terrible experience from start to finish.",negative
"Very happy with my purchase, works great.",positive
"Unreliable and not worth the hassle.",negative
"Fantastic product at a reasonable price.",positive
"Poorly made and doesn't last long.",negative
"Exactly as described and works perfectly.",positive
"Waste of time and money, avoid.",negative
"Brilliant design and very functional.",positive
"Constantly malfunctions, very annoying.",negative
"Superb quality and excellent value.",positive
"Defective product and horrible service.",negative
"Love how easy it is to use.",positive
"Completely useless for its intended purpose.",negative
"Great product that makes life easier.",positive
"Disappointed with the overall quality.",negative
"Exceptional performance and reliability.",positive
"Cheaply made and breaks easily.",negative
"Very impressed with the quality and design.",positive
"Doesn't work as advertised, total scam.",negative
"Excellent purchase, highly recommend.",positive
"Poor quality control and design flaws.",negative
"Works exactly as described, very happy.",positive
"Terrible product that fell apart quickly.",negative
"Absolutely worth the investment!",positive
"Extremely disappointed with this purchase.",negative
"High quality product with great features.",positive
"Completely failed to meet expectations.",negative
"Fantastic product that I use daily.",positive
"Awful design and poor functionality.",negative
"Incredibly useful and well-made product.",positive
"Regret this purchase immensely.",negative
"Perfect for my needs, very satisfied.",positive
"Worst product I've ever bought.",negative
"Excellent value and performance.",positive
"Completely dissatisfied with this product.",negative
"Wonderful product that I highly recommend.",positive
"Terrible quality and customer service.",negative
"Very pleased with this purchase.",positive
"Doesn't work at all, total waste.",negative
"Outstanding quality and performance.",positive
"Poorly designed and difficult to use.",negative
"Extremely happy with this product.",positive
"Absolute junk, stay away from this.",negative
"Great product that works as advertised.",positive
"Disappointed with the build quality.",negative
"Excellent product that I use every day.",positive
"Complete waste of money and time.",negative